-- Initially Generated by Oracle SQL Developer Data Modeler 3.3.0.747
-- Modified by Raul Zuniga
--   at:        2013-09-20 02:10:07 CDT
--   site:      Oracle Database 11g
--   type:      Oracle Database 11g

DROP TABLE ENROLL;
DROP TABLE STUDENT;
DROP TABLE COURSE;
DROP SEQUENCE STU_ID_SEQ;

CREATE TABLE STUDENT
  (
    STU_ID     INTEGER CONSTRAINT STUDENT_STU_ID_PK PRIMARY KEY,
    LNAME      VARCHAR2 (15) ,
    FNAME      VARCHAR2 (15) ,
    MI         VARCHAR2 (1) ,
    SEX        VARCHAR2 (1) ,
    MAJOR      VARCHAR2 (15) ,
    HOME_STATE VARCHAR2 (2)
  );
CREATE SEQUENCE stu_id_seq start with 10001;  
INSERT INTO STUDENT
  VALUES(stu_id_seq.NEXTVAL, 'Smith', 'Ron', 'M', 'M', 'Math', 'Tx' );
INSERT INTO STUDENT
  VALUES(stu_id_seq.NEXTVAL, 'Jones', 'Peter', 'A', 'M', 'English', 'Tx' );
INSERT INTO STUDENT
  VALUES(stu_id_seq.NEXTVAL, 'Peters', 'Anne', 'A', 'F', 'English', 'Me' );
INSERT INTO STUDENT
  VALUES(stu_id_seq.NEXTVAL, 'Johnson', 'John', 'J', 'M', 'CompSci', 'Ca' );
INSERT INTO STUDENT
  VALUES(stu_id_seq.NEXTVAL, 'Penders', 'Alton', 'P', 'F', 'Math', 'Ga' );
INSERT INTO STUDENT
  VALUES(stu_id_seq.NEXTVAL, 'Allen', 'Diane', 'J', 'F', 'Geography', 'Mn' );
INSERT INTO STUDENT
  VALUES(stu_id_seq.NEXTVAL, 'Gill', 'Jennifer', NULL, 'F', 'CompSci', 'Tx' );
INSERT INTO STUDENT
  VALUES(stu_id_seq.NEXTVAL, 'Johns', 'Roberta', NULL, 'F', 'CompSci', 'Tx' );
INSERT INTO STUDENT
  VALUES(stu_id_seq.NEXTVAL, 'Wier', 'Paul', NULL, 'M', 'Math', 'Al' );
INSERT INTO STUDENT
  VALUES(stu_id_seq.NEXTVAL, 'Evans', 'Richard', NULL, 'M', 'English', 'Tx' );

CREATE TABLE COURSE
  (
    COURSE_ID     VARCHAR2(8),
    SECTION#      INTEGER,
    C_NAME        VARCHAR2(25),
    C_DESCRIPTION VARCHAR2(60),
    PRIMARY KEY (COURSE_ID, SECTION#)    
  );
INSERT INTO COURSE
  VALUES('COSC1300', 001, 'Intro to Comp.', 'First Computer Course' );
INSERT INTO COURSE
  VALUES('ITSE2309', 001, 'Intro to DB', 'First Database Course' );
INSERT INTO COURSE
  VALUES('GEOG1791', 002, 'World Geography', 'Second Geography Course' );
INSERT INTO COURSE
  VALUES('COSC1315', 001, 'Intro to Prog.', 'Second Computer Course' );
INSERT INTO COURSE
  VALUES('ITSE1345', 001, 'Intro to DB Prog.', 'Second Database Course' );
INSERT INTO COURSE
  VALUES('ENGL2617', 002, 'English Literature', 'Second English Course' );
INSERT INTO COURSE
  VALUES('MATH1101', 001, 'Calculus 1', 'Second Math Course' );
INSERT INTO COURSE
  VALUES('ENGL1001', 001, 'American Literature', 'First English Course' );
INSERT INTO COURSE
  VALUES('MATH1011', 001, 'Trig. + Algebra', 'First Math Course' );  
INSERT INTO COURSE
  VALUES('GEOG1010', 001, 'Texas Geography', 'First Geography Course' );  
  
CREATE TABLE ENROLL
  ( 
    STU_ID INTEGER,
    COURSE_ID VARCHAR2(8),
    SECTION# INTEGER,
    PRIMARY KEY (STU_ID, COURSE_ID, SECTION#),
    CONSTRAINT enroll_student_fk FOREIGN KEY(STU_ID)
      REFERENCES STUDENT(STU_ID),
    FOREIGN KEY (COURSE_ID, SECTION#) 
      REFERENCES COURSE(COURSE_ID, SECTION#)
  );
INSERT INTO ENROLL
  VALUES(10001, 'MATH1101', 001 );  
INSERT INTO ENROLL
  VALUES(10002, 'ENGL2617', 002 ); 
INSERT INTO ENROLL
  VALUES(10003, 'ENGL1001', 001 ); 
INSERT INTO ENROLL
  VALUES(10003, 'ENGL2617', 002 ); 
INSERT INTO ENROLL
  VALUES(10003, 'GEOG1010', 001 ); 
INSERT INTO ENROLL
  VALUES(10004, 'COSC1315', 001 ); 
INSERT INTO ENROLL
  VALUES(10005, 'MATH1101', 001 ); 
INSERT INTO ENROLL
  VALUES(10006, 'GEOG1010', 001 ); 
INSERT INTO ENROLL
  VALUES(10006, 'GEOG1791', 002 ); 
INSERT INTO ENROLL
  VALUES(10007, 'COSC1315', 001 ); 
INSERT INTO ENROLL
  VALUES(10007, 'ITSE2309', 001 ); 
INSERT INTO ENROLL
  VALUES(10008, 'COSC1315', 001 ); 
INSERT INTO ENROLL
  VALUES(10009, 'ITSE2309', 001 ); 
INSERT INTO ENROLL
  VALUES(10010, 'ENGL2617', 002 );   
  
COMMIT;




